--
-- PostgreSQL database cluster dump
--

SET default_transaction_read_only = off;

SET client_encoding = 'UTF8';
SET standard_conforming_strings = on;

--
-- Roles
--

CREATE ROLE postgres;
ALTER ROLE postgres WITH SUPERUSER INHERIT CREATEROLE CREATEDB LOGIN REPLICATION BYPASSRLS PASSWORD 'SCRAM-SHA-256$4096:PyX0cNamNttZ3zOBlbhXmA==$bJth0/+Vlpn0BTUdnUoo1LGjzc8Q61lapHj6ANZkK2g=:vBV4vpX4qptvQE/pZ013I6I2zIKvi8S7O7JHXFFZetE=';

--
-- User Configurations
--








--
-- Databases
--

--
-- Database "template1" dump
--

\connect template1

--
-- PostgreSQL database dump
--

-- Dumped from database version 15.4
-- Dumped by pg_dump version 15.4

SET statement_timeout = 0;
SET lock_timeout = 0;
SET idle_in_transaction_session_timeout = 0;
SET client_encoding = 'UTF8';
SET standard_conforming_strings = on;
SELECT pg_catalog.set_config('search_path', '', false);
SET check_function_bodies = false;
SET xmloption = content;
SET client_min_messages = warning;
SET row_security = off;

--
-- PostgreSQL database dump complete
--

--
-- Database "postgres" dump
--

\connect postgres

--
-- PostgreSQL database dump
--

-- Dumped from database version 15.4
-- Dumped by pg_dump version 15.4

SET statement_timeout = 0;
SET lock_timeout = 0;
SET idle_in_transaction_session_timeout = 0;
SET client_encoding = 'UTF8';
SET standard_conforming_strings = on;
SELECT pg_catalog.set_config('search_path', '', false);
SET check_function_bodies = false;
SET xmloption = content;
SET client_min_messages = warning;
SET row_security = off;

SET default_tablespace = '';

SET default_table_access_method = heap;

--
-- Name: auth_group; Type: TABLE; Schema: public; Owner: postgres
--

CREATE TABLE public.auth_group (
    id integer NOT NULL,
    name character varying(150) NOT NULL
);


ALTER TABLE public.auth_group OWNER TO postgres;

--
-- Name: auth_group_id_seq; Type: SEQUENCE; Schema: public; Owner: postgres
--

ALTER TABLE public.auth_group ALTER COLUMN id ADD GENERATED BY DEFAULT AS IDENTITY (
    SEQUENCE NAME public.auth_group_id_seq
    START WITH 1
    INCREMENT BY 1
    NO MINVALUE
    NO MAXVALUE
    CACHE 1
);


--
-- Name: auth_group_permissions; Type: TABLE; Schema: public; Owner: postgres
--

CREATE TABLE public.auth_group_permissions (
    id bigint NOT NULL,
    group_id integer NOT NULL,
    permission_id integer NOT NULL
);


ALTER TABLE public.auth_group_permissions OWNER TO postgres;

--
-- Name: auth_group_permissions_id_seq; Type: SEQUENCE; Schema: public; Owner: postgres
--

ALTER TABLE public.auth_group_permissions ALTER COLUMN id ADD GENERATED BY DEFAULT AS IDENTITY (
    SEQUENCE NAME public.auth_group_permissions_id_seq
    START WITH 1
    INCREMENT BY 1
    NO MINVALUE
    NO MAXVALUE
    CACHE 1
);


--
-- Name: auth_permission; Type: TABLE; Schema: public; Owner: postgres
--

CREATE TABLE public.auth_permission (
    id integer NOT NULL,
    name character varying(255) NOT NULL,
    content_type_id integer NOT NULL,
    codename character varying(100) NOT NULL
);


ALTER TABLE public.auth_permission OWNER TO postgres;

--
-- Name: auth_permission_id_seq; Type: SEQUENCE; Schema: public; Owner: postgres
--

ALTER TABLE public.auth_permission ALTER COLUMN id ADD GENERATED BY DEFAULT AS IDENTITY (
    SEQUENCE NAME public.auth_permission_id_seq
    START WITH 1
    INCREMENT BY 1
    NO MINVALUE
    NO MAXVALUE
    CACHE 1
);


--
-- Name: auth_user; Type: TABLE; Schema: public; Owner: postgres
--

CREATE TABLE public.auth_user (
    id integer NOT NULL,
    password character varying(128) NOT NULL,
    last_login timestamp with time zone,
    is_superuser boolean NOT NULL,
    username character varying(150) NOT NULL,
    first_name character varying(150) NOT NULL,
    last_name character varying(150) NOT NULL,
    email character varying(254) NOT NULL,
    is_staff boolean NOT NULL,
    is_active boolean NOT NULL,
    date_joined timestamp with time zone NOT NULL
);


ALTER TABLE public.auth_user OWNER TO postgres;

--
-- Name: auth_user_groups; Type: TABLE; Schema: public; Owner: postgres
--

CREATE TABLE public.auth_user_groups (
    id bigint NOT NULL,
    user_id integer NOT NULL,
    group_id integer NOT NULL
);


ALTER TABLE public.auth_user_groups OWNER TO postgres;

--
-- Name: auth_user_groups_id_seq; Type: SEQUENCE; Schema: public; Owner: postgres
--

ALTER TABLE public.auth_user_groups ALTER COLUMN id ADD GENERATED BY DEFAULT AS IDENTITY (
    SEQUENCE NAME public.auth_user_groups_id_seq
    START WITH 1
    INCREMENT BY 1
    NO MINVALUE
    NO MAXVALUE
    CACHE 1
);


--
-- Name: auth_user_id_seq; Type: SEQUENCE; Schema: public; Owner: postgres
--

ALTER TABLE public.auth_user ALTER COLUMN id ADD GENERATED BY DEFAULT AS IDENTITY (
    SEQUENCE NAME public.auth_user_id_seq
    START WITH 1
    INCREMENT BY 1
    NO MINVALUE
    NO MAXVALUE
    CACHE 1
);


--
-- Name: auth_user_user_permissions; Type: TABLE; Schema: public; Owner: postgres
--

CREATE TABLE public.auth_user_user_permissions (
    id bigint NOT NULL,
    user_id integer NOT NULL,
    permission_id integer NOT NULL
);


ALTER TABLE public.auth_user_user_permissions OWNER TO postgres;

--
-- Name: auth_user_user_permissions_id_seq; Type: SEQUENCE; Schema: public; Owner: postgres
--

ALTER TABLE public.auth_user_user_permissions ALTER COLUMN id ADD GENERATED BY DEFAULT AS IDENTITY (
    SEQUENCE NAME public.auth_user_user_permissions_id_seq
    START WITH 1
    INCREMENT BY 1
    NO MINVALUE
    NO MAXVALUE
    CACHE 1
);


--
-- Name: casestudy_security; Type: TABLE; Schema: public; Owner: postgres
--

CREATE TABLE public.casestudy_security (
    id bigint NOT NULL,
    name text NOT NULL,
    ticker text NOT NULL,
    last_price numeric(11,2),
    last_updated timestamp with time zone NOT NULL
);


ALTER TABLE public.casestudy_security OWNER TO postgres;

--
-- Name: casestudy_security_id_seq; Type: SEQUENCE; Schema: public; Owner: postgres
--

ALTER TABLE public.casestudy_security ALTER COLUMN id ADD GENERATED BY DEFAULT AS IDENTITY (
    SEQUENCE NAME public.casestudy_security_id_seq
    START WITH 1
    INCREMENT BY 1
    NO MINVALUE
    NO MAXVALUE
    CACHE 1
);


--
-- Name: casestudy_watchlist; Type: TABLE; Schema: public; Owner: postgres
--

CREATE TABLE public.casestudy_watchlist (
    id bigint NOT NULL,
    created_at timestamp with time zone NOT NULL,
    stock_id bigint NOT NULL,
    user_id integer NOT NULL
);


ALTER TABLE public.casestudy_watchlist OWNER TO postgres;

--
-- Name: casestudy_watchlist_id_seq; Type: SEQUENCE; Schema: public; Owner: postgres
--

ALTER TABLE public.casestudy_watchlist ALTER COLUMN id ADD GENERATED BY DEFAULT AS IDENTITY (
    SEQUENCE NAME public.casestudy_watchlist_id_seq
    START WITH 1
    INCREMENT BY 1
    NO MINVALUE
    NO MAXVALUE
    CACHE 1
);


--
-- Name: django_admin_log; Type: TABLE; Schema: public; Owner: postgres
--

CREATE TABLE public.django_admin_log (
    id integer NOT NULL,
    action_time timestamp with time zone NOT NULL,
    object_id text,
    object_repr character varying(200) NOT NULL,
    action_flag smallint NOT NULL,
    change_message text NOT NULL,
    content_type_id integer,
    user_id integer NOT NULL,
    CONSTRAINT django_admin_log_action_flag_check CHECK ((action_flag >= 0))
);


ALTER TABLE public.django_admin_log OWNER TO postgres;

--
-- Name: django_admin_log_id_seq; Type: SEQUENCE; Schema: public; Owner: postgres
--

ALTER TABLE public.django_admin_log ALTER COLUMN id ADD GENERATED BY DEFAULT AS IDENTITY (
    SEQUENCE NAME public.django_admin_log_id_seq
    START WITH 1
    INCREMENT BY 1
    NO MINVALUE
    NO MAXVALUE
    CACHE 1
);


--
-- Name: django_content_type; Type: TABLE; Schema: public; Owner: postgres
--

CREATE TABLE public.django_content_type (
    id integer NOT NULL,
    app_label character varying(100) NOT NULL,
    model character varying(100) NOT NULL
);


ALTER TABLE public.django_content_type OWNER TO postgres;

--
-- Name: django_content_type_id_seq; Type: SEQUENCE; Schema: public; Owner: postgres
--

ALTER TABLE public.django_content_type ALTER COLUMN id ADD GENERATED BY DEFAULT AS IDENTITY (
    SEQUENCE NAME public.django_content_type_id_seq
    START WITH 1
    INCREMENT BY 1
    NO MINVALUE
    NO MAXVALUE
    CACHE 1
);


--
-- Name: django_migrations; Type: TABLE; Schema: public; Owner: postgres
--

CREATE TABLE public.django_migrations (
    id bigint NOT NULL,
    app character varying(255) NOT NULL,
    name character varying(255) NOT NULL,
    applied timestamp with time zone NOT NULL
);


ALTER TABLE public.django_migrations OWNER TO postgres;

--
-- Name: django_migrations_id_seq; Type: SEQUENCE; Schema: public; Owner: postgres
--

ALTER TABLE public.django_migrations ALTER COLUMN id ADD GENERATED BY DEFAULT AS IDENTITY (
    SEQUENCE NAME public.django_migrations_id_seq
    START WITH 1
    INCREMENT BY 1
    NO MINVALUE
    NO MAXVALUE
    CACHE 1
);


--
-- Name: django_session; Type: TABLE; Schema: public; Owner: postgres
--

CREATE TABLE public.django_session (
    session_key character varying(40) NOT NULL,
    session_data text NOT NULL,
    expire_date timestamp with time zone NOT NULL
);


ALTER TABLE public.django_session OWNER TO postgres;

--
-- Data for Name: auth_group; Type: TABLE DATA; Schema: public; Owner: postgres
--

COPY public.auth_group (id, name) FROM stdin;
\.


--
-- Data for Name: auth_group_permissions; Type: TABLE DATA; Schema: public; Owner: postgres
--

COPY public.auth_group_permissions (id, group_id, permission_id) FROM stdin;
\.


--
-- Data for Name: auth_permission; Type: TABLE DATA; Schema: public; Owner: postgres
--

COPY public.auth_permission (id, name, content_type_id, codename) FROM stdin;
1	Can add log entry	1	add_logentry
2	Can change log entry	1	change_logentry
3	Can delete log entry	1	delete_logentry
4	Can view log entry	1	view_logentry
5	Can add permission	2	add_permission
6	Can change permission	2	change_permission
7	Can delete permission	2	delete_permission
8	Can view permission	2	view_permission
9	Can add group	3	add_group
10	Can change group	3	change_group
11	Can delete group	3	delete_group
12	Can view group	3	view_group
13	Can add user	4	add_user
14	Can change user	4	change_user
15	Can delete user	4	delete_user
16	Can view user	4	view_user
17	Can add content type	5	add_contenttype
18	Can change content type	5	change_contenttype
19	Can delete content type	5	delete_contenttype
20	Can view content type	5	view_contenttype
21	Can add session	6	add_session
22	Can change session	6	change_session
23	Can delete session	6	delete_session
24	Can view session	6	view_session
25	Can add security	7	add_security
26	Can change security	7	change_security
27	Can delete security	7	delete_security
28	Can view security	7	view_security
29	Can add watchlist	8	add_watchlist
30	Can change watchlist	8	change_watchlist
31	Can delete watchlist	8	delete_watchlist
32	Can view watchlist	8	view_watchlist
\.


--
-- Data for Name: auth_user; Type: TABLE DATA; Schema: public; Owner: postgres
--

COPY public.auth_user (id, password, last_login, is_superuser, username, first_name, last_name, email, is_staff, is_active, date_joined) FROM stdin;
2	pbkdf2_sha256$600000$NfaxOwRHhjsoU9BQYuxDv0$TtD1vsCojnefaIPuo7UJHMbVd50dt8I8ikB5a425Pbo=	\N	t	user1			user1@casestudy.com	t	t	2023-09-22 15:50:47.219097+00
3	pbkdf2_sha256$600000$utYjOhD0qSHh7W2o15oC5y$jcFW+vip9xW/UtTZRRzelqEkare74BL+HeLEXpi603Q=	\N	t	user2			user2@casestudy.com	t	t	2023-09-22 15:50:50.017848+00
1	pbkdf2_sha256$600000$PTCgJFQyxRODpVIxH4uKCL$hdpHglsKmeEiMUdA+haJLlQKG5oqw4XG2B0P9o/HRqw=	2023-10-11 17:31:06.965063+00	t	root			root@casestudy.com	t	t	2023-09-22 15:50:40.856477+00
\.


--
-- Data for Name: auth_user_groups; Type: TABLE DATA; Schema: public; Owner: postgres
--

COPY public.auth_user_groups (id, user_id, group_id) FROM stdin;
\.


--
-- Data for Name: auth_user_user_permissions; Type: TABLE DATA; Schema: public; Owner: postgres
--

COPY public.auth_user_user_permissions (id, user_id, permission_id) FROM stdin;
\.


--
-- Data for Name: casestudy_security; Type: TABLE DATA; Schema: public; Owner: postgres
--

COPY public.casestudy_security (id, name, ticker, last_price, last_updated) FROM stdin;
5	Adobe	ADBE	549.91	2023-10-11 21:53:15.989428+00
8	Advanced Micro Devices	AMD	108.31	2023-10-11 21:53:16.016428+00
9	Amgen	AMGN	283.60	2023-10-11 21:53:16.02352+00
12	American Express	AXP	151.51	2023-10-11 21:53:16.050224+00
13	Boeing	BA	196.07	2023-10-11 21:53:16.060449+00
14	Bank of America	BAC	27.02	2023-10-11 21:53:16.068441+00
16	BlackRock	BLK	642.67	2023-10-11 21:53:16.083697+00
17	BP	BP	38.65	2023-10-11 21:53:16.089807+00
22	Canopy Growth	CGC	0.69	2023-10-11 21:53:16.126068+00
24	Comcast	CMCSA	44.24	2023-10-11 21:53:16.143322+00
25	Chipotle	CMG	1823.48	2023-10-11 21:53:16.14777+00
26	Coinbase	COIN	77.35	2023-10-11 21:53:16.15375+00
27	Costco	COST	565.52	2023-10-11 21:53:16.159193+00
32	Delta Air Lines	DAL	35.98	2023-10-11 21:53:16.185794+00
34	Disney	DIS	84.85	2023-10-11 21:53:16.195864+00
41	FedEx Corp	FDX	255.46	2023-10-11 21:53:16.23385+00
42	General Electric	GE	113.26	2023-10-11 21:53:16.239275+00
44	Gilead	GILD	76.96	2023-10-11 21:53:16.249319+00
48	Home Depot	HD	298.05	2023-10-11 21:53:16.270165+00
49	Robinhood	HOOD	9.72	2023-10-11 21:53:16.274767+00
57	Lockheed Martin	LMT	436.65	2023-10-11 21:53:16.315012+00
60	Mastercard	MA	399.81	2023-10-11 21:53:16.329304+00
79	Peloton	PTON	5.48	2023-10-11 21:53:16.434374+00
80	Paypal	PYPL	58.07	2023-10-11 21:53:16.438784+00
86	Square	SQ	46.69	2023-10-11 21:53:16.46824+00
87	AT&T	T	14.77	2023-10-11 21:53:16.472953+00
94	Visa	V	235.68	2023-10-11 21:53:16.505438+00
37	Duke Energy	DUK	89.87	2023-10-11 21:53:16.211269+00
47	Goldman Sachs	GS	313.02	2023-10-11 21:53:16.265152+00
50	IBM	IBM	143.23	2023-10-11 21:53:16.280422+00
51	Intel	INTC	36.88	2023-10-11 21:53:16.286098+00
52	Intuit	INTU	541.58	2023-10-11 21:53:16.290372+00
59	Lyft	LYFT	11.37	2023-10-11 21:53:16.324391+00
65	3M	MMM	90.39	2023-10-11 21:53:16.358938+00
66	Merck & Co	MRK	103.46	2023-10-11 21:53:16.365163+00
75	Pfizer	PFE	33.11	2023-10-11 21:53:16.411904+00
76	Procter & Gamble	PG	143.00	2023-10-11 21:53:16.41688+00
92	UnitedHealth Group	UNH	524.13	2023-10-11 21:53:16.495541+00
97	Wells Fargo	WFC	39.69	2023-10-11 21:53:16.520179+00
2	Airbnb	ABNB	130.00	2023-10-11 21:53:15.966008+00
10	Amazon	AMZN	131.83	2023-10-11 21:53:16.031346+00
11	Activision Blizzard	ATVI	94.47	2023-10-11 21:53:16.041752+00
15	Best Buy	BBY	70.95	2023-10-11 21:53:16.076689+00
18	Berkshire Hathaway	BRK.B	348.43	2023-10-11 21:53:16.097623+00
19	Anheuser Busch	BUD	54.55	2023-10-11 21:53:16.106462+00
20	Beyond Meat	BYND	8.84	2023-10-11 21:53:16.113268+00
23	Clorox	CLX	122.36	2023-10-11 21:53:16.135487+00
30	CVS	CVS	71.73	2023-10-11 21:53:16.17614+00
53	Johnson & Johnson	JNJ	156.18	2023-10-11 21:53:16.295165+00
54	JPMorgan Chase	JPM	146.15	2023-10-11 21:53:16.300643+00
56	Eli Lilly & Co	LLY	605.28	2023-10-11 21:53:16.309939+00
58	Lululemon	LULU	373.36	2023-10-11 21:53:16.319711+00
64	Meta Platforms	META	327.82	2023-10-11 21:53:16.353798+00
67	Moderna	MRNA	102.76	2023-10-11 21:53:16.369887+00
72	NVIDIA	NVDA	468.06	2023-10-11 21:53:16.396043+00
73	Oracle	ORCL	109.64	2023-10-11 21:53:16.401337+00
78	Palantir Technologies	PLTR	17.92	2023-10-11 21:53:16.427368+00
81	Raytheon Technologies Corp	RTX	73.31	2023-10-11 21:53:16.444009+00
82	Starbucks	SBUX	91.95	2023-10-11 21:53:16.448815+00
83	Shopify	SHOP	54.24	2023-10-11 21:53:16.453841+00
85	Spotify	SPOT	156.57	2023-10-11 21:53:16.463311+00
90	Tesla	TSLA	262.99	2023-10-11 21:53:16.486761+00
91	UBER	UBER	46.64	2023-10-11 21:53:16.491225+00
95	Verizon	VZ	31.46	2023-10-11 21:53:16.510299+00
98	Walmart	WMT	158.23	2023-10-11 21:53:16.524442+00
31	Chevron	CVX	161.10	2023-10-11 21:53:16.180733+00
33	Dollar General	DG	103.66	2023-10-11 21:53:16.190635+00
35	Dollar Tree	DLTR	107.03	2023-10-11 21:53:16.200826+00
36	Domino's Pizza	DPZ	354.05	2023-10-11 21:53:16.20584+00
38	Etsy	ETSY	64.84	2023-10-11 21:53:16.218068+00
39	Expedia	EXPE	103.61	2023-10-11 21:53:16.223446+00
45	GameStop	GME	15.82	2023-10-11 21:53:16.255189+00
46	Alphabet	GOOG	141.70	2023-10-11 21:53:16.259941+00
77	Progressive	PGR	143.86	2023-10-11 21:53:16.422329+00
88	Target	TGT	108.99	2023-10-11 21:53:16.477359+00
89	T-Mobile	TMUS	143.12	2023-10-11 21:53:16.481734+00
93	United Parcel Service	UPS	155.30	2023-10-11 21:53:16.499823+00
96	Warner Bros. Discovery	WBD	10.96	2023-10-11 21:53:16.515366+00
99	Exxon Mobil	XOM	106.49	2023-10-11 21:53:16.529366+00
100	Zoom	ZM	64.82	2023-10-11 21:53:16.534356+00
40	Ford	F	12.25	2023-10-11 21:53:16.228367+00
43	GE HealthCare Technologies	GEHC	67.78	2023-10-11 21:53:16.243756+00
55	Coca-Cola	KO	53.71	2023-10-11 21:53:16.305371+00
61	Marriott	MAR	198.27	2023-10-11 21:53:16.336546+00
62	Mattel	MAT	20.91	2023-10-11 21:53:16.342293+00
63	McDonald's	MCD	250.92	2023-10-11 21:53:16.347936+00
68	Microsoft	MSFT	332.42	2023-10-11 21:53:16.375324+00
69	Netflix	NFLX	365.93	2023-10-11 21:53:16.379875+00
70	Nio	NIO	8.97	2023-10-11 21:53:16.384574+00
71	Nike	NKE	98.65	2023-10-11 21:53:16.390405+00
74	PepsiCo	PEP	162.62	2023-10-11 21:53:16.406187+00
84	Snap	SNAP	9.11	2023-10-11 21:53:16.458847+00
1	Apple	AAPL	179.80	2023-10-11 21:53:15.955392+00
3	Abbott Laboratories	ABT	92.64	2023-10-11 21:53:15.973337+00
4	Aurora Cannabis	ACB	0.53	2023-10-11 21:53:15.98219+00
6	Automatic Data Processing	ADP	249.46	2023-10-11 21:53:15.99945+00
7	Affirm Holdings	AFRM	20.13	2023-10-11 21:53:16.008451+00
21	Caterpillar	CAT	272.83	2023-10-11 21:53:16.119818+00
28	Salesforce	CRM	206.85	2023-10-11 21:53:16.164385+00
29	Cisco	CSCO	53.66	2023-10-11 21:53:16.170194+00
\.


--
-- Data for Name: casestudy_watchlist; Type: TABLE DATA; Schema: public; Owner: postgres
--

COPY public.casestudy_watchlist (id, created_at, stock_id, user_id) FROM stdin;
142	2023-10-06 20:57:13.12751+00	87	2
208	2023-10-10 17:29:45.621384+00	6	2
275	2023-10-10 20:01:01.42176+00	8	2
277	2023-10-11 15:41:02.664489+00	11	2
278	2023-10-11 17:31:16.084008+00	40	3
279	2023-10-11 17:31:18.584842+00	16	3
\.


--
-- Data for Name: django_admin_log; Type: TABLE DATA; Schema: public; Owner: postgres
--

COPY public.django_admin_log (id, action_time, object_id, object_repr, action_flag, change_message, content_type_id, user_id) FROM stdin;
1	2023-10-02 16:06:59.954706+00	1	user1 - Alphabet	1	[{"added": {}}]	8	1
2	2023-10-02 17:02:10.55037+00	2	user1 - Lockheed Martin	1	[{"added": {}}]	8	1
\.


--
-- Data for Name: django_content_type; Type: TABLE DATA; Schema: public; Owner: postgres
--

COPY public.django_content_type (id, app_label, model) FROM stdin;
1	admin	logentry
2	auth	permission
3	auth	group
4	auth	user
5	contenttypes	contenttype
6	sessions	session
7	casestudy	security
8	casestudy	watchlist
\.


--
-- Data for Name: django_migrations; Type: TABLE DATA; Schema: public; Owner: postgres
--

COPY public.django_migrations (id, app, name, applied) FROM stdin;
1	contenttypes	0001_initial	2023-09-20 18:12:23.50315+00
2	auth	0001_initial	2023-09-20 18:12:23.700495+00
3	admin	0001_initial	2023-09-20 18:12:23.744795+00
4	admin	0002_logentry_remove_auto_add	2023-09-20 18:12:23.762623+00
5	admin	0003_logentry_add_action_flag_choices	2023-09-20 18:12:23.780292+00
6	contenttypes	0002_remove_content_type_name	2023-09-20 18:12:23.814566+00
7	auth	0002_alter_permission_name_max_length	2023-09-20 18:12:23.832512+00
8	auth	0003_alter_user_email_max_length	2023-09-20 18:12:23.849317+00
9	auth	0004_alter_user_username_opts	2023-09-20 18:12:23.8691+00
10	auth	0005_alter_user_last_login_null	2023-09-20 18:12:23.887152+00
11	auth	0006_require_contenttypes_0002	2023-09-20 18:12:23.893566+00
12	auth	0007_alter_validators_add_error_messages	2023-09-20 18:12:23.911829+00
13	auth	0008_alter_user_username_max_length	2023-09-20 18:12:23.940485+00
14	auth	0009_alter_user_last_name_max_length	2023-09-20 18:12:23.955274+00
15	auth	0010_alter_group_name_max_length	2023-09-20 18:12:23.981186+00
16	auth	0011_update_proxy_permissions	2023-09-20 18:12:23.999388+00
17	auth	0012_alter_user_first_name_max_length	2023-09-20 18:12:24.016683+00
18	casestudy	0001_initial	2023-09-20 18:12:24.035962+00
19	sessions	0001_initial	2023-09-20 18:12:24.069801+00
20	casestudy	0002_security_last_updated_alter_security_name_and_more	2023-09-22 15:13:24.256528+00
21	casestudy	0003_watchlist	2023-09-22 15:19:34.273141+00
\.


--
-- Data for Name: django_session; Type: TABLE DATA; Schema: public; Owner: postgres
--

COPY public.django_session (session_key, session_data, expire_date) FROM stdin;
flccb5uzassu72xqw1y6huldznb95mfn	.eJxVjDsOwjAQBe_iGllefwklfc5geb1rHEC2lE-FuDtESgHtm5n3EjFta43bwnOcSFwEiNPvhik_uO2A7qndusy9rfOEclfkQRc5duLn9XD_Dmpa6rdWUMp5YCRtU4AARKwNKGWo5IwWYWBF2flsAQJrH3xRg0UkNEEb58T7A_FcN-w:1qjiRZ:4hqWJdjUF2efPzHbFK0YqMQTJhsXqGBjX98yXh2HPEw	2023-10-06 15:51:49.196835+00
z31dpwaqlong9tomdpky8v789nhozosz	.eJxVjDsOwjAQBe_iGllefwklfc5geb1rHEC2lE-FuDtESgHtm5n3EjFta43bwnOcSFwEiNPvhik_uO2A7qndusy9rfOEclfkQRc5duLn9XD_Dmpa6rdWUMp5YCRtU4AARKwNKGWo5IwWYWBF2flsAQJrH3xRg0UkNEEb58T7A_FcN-w:1qqd34:zCXOxmz2IyuvIbo5K4Iaalg3GmzJCI00aUzxcHir-GY	2023-10-25 17:31:06.973017+00
\.


--
-- Name: auth_group_id_seq; Type: SEQUENCE SET; Schema: public; Owner: postgres
--

SELECT pg_catalog.setval('public.auth_group_id_seq', 1, false);


--
-- Name: auth_group_permissions_id_seq; Type: SEQUENCE SET; Schema: public; Owner: postgres
--

SELECT pg_catalog.setval('public.auth_group_permissions_id_seq', 1, false);


--
-- Name: auth_permission_id_seq; Type: SEQUENCE SET; Schema: public; Owner: postgres
--

SELECT pg_catalog.setval('public.auth_permission_id_seq', 32, true);


--
-- Name: auth_user_groups_id_seq; Type: SEQUENCE SET; Schema: public; Owner: postgres
--

SELECT pg_catalog.setval('public.auth_user_groups_id_seq', 1, false);


--
-- Name: auth_user_id_seq; Type: SEQUENCE SET; Schema: public; Owner: postgres
--

SELECT pg_catalog.setval('public.auth_user_id_seq', 5, true);


--
-- Name: auth_user_user_permissions_id_seq; Type: SEQUENCE SET; Schema: public; Owner: postgres
--

SELECT pg_catalog.setval('public.auth_user_user_permissions_id_seq', 1, false);


--
-- Name: casestudy_security_id_seq; Type: SEQUENCE SET; Schema: public; Owner: postgres
--

SELECT pg_catalog.setval('public.casestudy_security_id_seq', 100, true);


--
-- Name: casestudy_watchlist_id_seq; Type: SEQUENCE SET; Schema: public; Owner: postgres
--

SELECT pg_catalog.setval('public.casestudy_watchlist_id_seq', 279, true);


--
-- Name: django_admin_log_id_seq; Type: SEQUENCE SET; Schema: public; Owner: postgres
--

SELECT pg_catalog.setval('public.django_admin_log_id_seq', 2, true);


--
-- Name: django_content_type_id_seq; Type: SEQUENCE SET; Schema: public; Owner: postgres
--

SELECT pg_catalog.setval('public.django_content_type_id_seq', 8, true);


--
-- Name: django_migrations_id_seq; Type: SEQUENCE SET; Schema: public; Owner: postgres
--

SELECT pg_catalog.setval('public.django_migrations_id_seq', 21, true);


--
-- Name: auth_group auth_group_name_key; Type: CONSTRAINT; Schema: public; Owner: postgres
--

ALTER TABLE ONLY public.auth_group
    ADD CONSTRAINT auth_group_name_key UNIQUE (name);


--
-- Name: auth_group_permissions auth_group_permissions_group_id_permission_id_0cd325b0_uniq; Type: CONSTRAINT; Schema: public; Owner: postgres
--

ALTER TABLE ONLY public.auth_group_permissions
    ADD CONSTRAINT auth_group_permissions_group_id_permission_id_0cd325b0_uniq UNIQUE (group_id, permission_id);


--
-- Name: auth_group_permissions auth_group_permissions_pkey; Type: CONSTRAINT; Schema: public; Owner: postgres
--

ALTER TABLE ONLY public.auth_group_permissions
    ADD CONSTRAINT auth_group_permissions_pkey PRIMARY KEY (id);


--
-- Name: auth_group auth_group_pkey; Type: CONSTRAINT; Schema: public; Owner: postgres
--

ALTER TABLE ONLY public.auth_group
    ADD CONSTRAINT auth_group_pkey PRIMARY KEY (id);


--
-- Name: auth_permission auth_permission_content_type_id_codename_01ab375a_uniq; Type: CONSTRAINT; Schema: public; Owner: postgres
--

ALTER TABLE ONLY public.auth_permission
    ADD CONSTRAINT auth_permission_content_type_id_codename_01ab375a_uniq UNIQUE (content_type_id, codename);


--
-- Name: auth_permission auth_permission_pkey; Type: CONSTRAINT; Schema: public; Owner: postgres
--

ALTER TABLE ONLY public.auth_permission
    ADD CONSTRAINT auth_permission_pkey PRIMARY KEY (id);


--
-- Name: auth_user_groups auth_user_groups_pkey; Type: CONSTRAINT; Schema: public; Owner: postgres
--

ALTER TABLE ONLY public.auth_user_groups
    ADD CONSTRAINT auth_user_groups_pkey PRIMARY KEY (id);


--
-- Name: auth_user_groups auth_user_groups_user_id_group_id_94350c0c_uniq; Type: CONSTRAINT; Schema: public; Owner: postgres
--

ALTER TABLE ONLY public.auth_user_groups
    ADD CONSTRAINT auth_user_groups_user_id_group_id_94350c0c_uniq UNIQUE (user_id, group_id);


--
-- Name: auth_user auth_user_pkey; Type: CONSTRAINT; Schema: public; Owner: postgres
--

ALTER TABLE ONLY public.auth_user
    ADD CONSTRAINT auth_user_pkey PRIMARY KEY (id);


--
-- Name: auth_user_user_permissions auth_user_user_permissions_pkey; Type: CONSTRAINT; Schema: public; Owner: postgres
--

ALTER TABLE ONLY public.auth_user_user_permissions
    ADD CONSTRAINT auth_user_user_permissions_pkey PRIMARY KEY (id);


--
-- Name: auth_user_user_permissions auth_user_user_permissions_user_id_permission_id_14a6b632_uniq; Type: CONSTRAINT; Schema: public; Owner: postgres
--

ALTER TABLE ONLY public.auth_user_user_permissions
    ADD CONSTRAINT auth_user_user_permissions_user_id_permission_id_14a6b632_uniq UNIQUE (user_id, permission_id);


--
-- Name: auth_user auth_user_username_key; Type: CONSTRAINT; Schema: public; Owner: postgres
--

ALTER TABLE ONLY public.auth_user
    ADD CONSTRAINT auth_user_username_key UNIQUE (username);


--
-- Name: casestudy_security casestudy_security_pkey; Type: CONSTRAINT; Schema: public; Owner: postgres
--

ALTER TABLE ONLY public.casestudy_security
    ADD CONSTRAINT casestudy_security_pkey PRIMARY KEY (id);


--
-- Name: casestudy_security casestudy_security_ticker_34800b05_uniq; Type: CONSTRAINT; Schema: public; Owner: postgres
--

ALTER TABLE ONLY public.casestudy_security
    ADD CONSTRAINT casestudy_security_ticker_34800b05_uniq UNIQUE (ticker);


--
-- Name: casestudy_watchlist casestudy_watchlist_pkey; Type: CONSTRAINT; Schema: public; Owner: postgres
--

ALTER TABLE ONLY public.casestudy_watchlist
    ADD CONSTRAINT casestudy_watchlist_pkey PRIMARY KEY (id);


--
-- Name: casestudy_watchlist casestudy_watchlist_user_id_stock_id_1d263682_uniq; Type: CONSTRAINT; Schema: public; Owner: postgres
--

ALTER TABLE ONLY public.casestudy_watchlist
    ADD CONSTRAINT casestudy_watchlist_user_id_stock_id_1d263682_uniq UNIQUE (user_id, stock_id);


--
-- Name: django_admin_log django_admin_log_pkey; Type: CONSTRAINT; Schema: public; Owner: postgres
--

ALTER TABLE ONLY public.django_admin_log
    ADD CONSTRAINT django_admin_log_pkey PRIMARY KEY (id);


--
-- Name: django_content_type django_content_type_app_label_model_76bd3d3b_uniq; Type: CONSTRAINT; Schema: public; Owner: postgres
--

ALTER TABLE ONLY public.django_content_type
    ADD CONSTRAINT django_content_type_app_label_model_76bd3d3b_uniq UNIQUE (app_label, model);


--
-- Name: django_content_type django_content_type_pkey; Type: CONSTRAINT; Schema: public; Owner: postgres
--

ALTER TABLE ONLY public.django_content_type
    ADD CONSTRAINT django_content_type_pkey PRIMARY KEY (id);


--
-- Name: django_migrations django_migrations_pkey; Type: CONSTRAINT; Schema: public; Owner: postgres
--

ALTER TABLE ONLY public.django_migrations
    ADD CONSTRAINT django_migrations_pkey PRIMARY KEY (id);


--
-- Name: django_session django_session_pkey; Type: CONSTRAINT; Schema: public; Owner: postgres
--

ALTER TABLE ONLY public.django_session
    ADD CONSTRAINT django_session_pkey PRIMARY KEY (session_key);


--
-- Name: auth_group_name_a6ea08ec_like; Type: INDEX; Schema: public; Owner: postgres
--

CREATE INDEX auth_group_name_a6ea08ec_like ON public.auth_group USING btree (name varchar_pattern_ops);


--
-- Name: auth_group_permissions_group_id_b120cbf9; Type: INDEX; Schema: public; Owner: postgres
--

CREATE INDEX auth_group_permissions_group_id_b120cbf9 ON public.auth_group_permissions USING btree (group_id);


--
-- Name: auth_group_permissions_permission_id_84c5c92e; Type: INDEX; Schema: public; Owner: postgres
--

CREATE INDEX auth_group_permissions_permission_id_84c5c92e ON public.auth_group_permissions USING btree (permission_id);


--
-- Name: auth_permission_content_type_id_2f476e4b; Type: INDEX; Schema: public; Owner: postgres
--

CREATE INDEX auth_permission_content_type_id_2f476e4b ON public.auth_permission USING btree (content_type_id);


--
-- Name: auth_user_groups_group_id_97559544; Type: INDEX; Schema: public; Owner: postgres
--

CREATE INDEX auth_user_groups_group_id_97559544 ON public.auth_user_groups USING btree (group_id);


--
-- Name: auth_user_groups_user_id_6a12ed8b; Type: INDEX; Schema: public; Owner: postgres
--

CREATE INDEX auth_user_groups_user_id_6a12ed8b ON public.auth_user_groups USING btree (user_id);


--
-- Name: auth_user_user_permissions_permission_id_1fbb5f2c; Type: INDEX; Schema: public; Owner: postgres
--

CREATE INDEX auth_user_user_permissions_permission_id_1fbb5f2c ON public.auth_user_user_permissions USING btree (permission_id);


--
-- Name: auth_user_user_permissions_user_id_a95ead1b; Type: INDEX; Schema: public; Owner: postgres
--

CREATE INDEX auth_user_user_permissions_user_id_a95ead1b ON public.auth_user_user_permissions USING btree (user_id);


--
-- Name: auth_user_username_6821ab7c_like; Type: INDEX; Schema: public; Owner: postgres
--

CREATE INDEX auth_user_username_6821ab7c_like ON public.auth_user USING btree (username varchar_pattern_ops);


--
-- Name: casestudy_security_ticker_34800b05_like; Type: INDEX; Schema: public; Owner: postgres
--

CREATE INDEX casestudy_security_ticker_34800b05_like ON public.casestudy_security USING btree (ticker text_pattern_ops);


--
-- Name: casestudy_watchlist_stock_id_606b6d11; Type: INDEX; Schema: public; Owner: postgres
--

CREATE INDEX casestudy_watchlist_stock_id_606b6d11 ON public.casestudy_watchlist USING btree (stock_id);


--
-- Name: casestudy_watchlist_user_id_cd1f0506; Type: INDEX; Schema: public; Owner: postgres
--

CREATE INDEX casestudy_watchlist_user_id_cd1f0506 ON public.casestudy_watchlist USING btree (user_id);


--
-- Name: django_admin_log_content_type_id_c4bce8eb; Type: INDEX; Schema: public; Owner: postgres
--

CREATE INDEX django_admin_log_content_type_id_c4bce8eb ON public.django_admin_log USING btree (content_type_id);


--
-- Name: django_admin_log_user_id_c564eba6; Type: INDEX; Schema: public; Owner: postgres
--

CREATE INDEX django_admin_log_user_id_c564eba6 ON public.django_admin_log USING btree (user_id);


--
-- Name: django_session_expire_date_a5c62663; Type: INDEX; Schema: public; Owner: postgres
--

CREATE INDEX django_session_expire_date_a5c62663 ON public.django_session USING btree (expire_date);


--
-- Name: django_session_session_key_c0390e0f_like; Type: INDEX; Schema: public; Owner: postgres
--

CREATE INDEX django_session_session_key_c0390e0f_like ON public.django_session USING btree (session_key varchar_pattern_ops);


--
-- Name: auth_group_permissions auth_group_permissio_permission_id_84c5c92e_fk_auth_perm; Type: FK CONSTRAINT; Schema: public; Owner: postgres
--

ALTER TABLE ONLY public.auth_group_permissions
    ADD CONSTRAINT auth_group_permissio_permission_id_84c5c92e_fk_auth_perm FOREIGN KEY (permission_id) REFERENCES public.auth_permission(id) DEFERRABLE INITIALLY DEFERRED;


--
-- Name: auth_group_permissions auth_group_permissions_group_id_b120cbf9_fk_auth_group_id; Type: FK CONSTRAINT; Schema: public; Owner: postgres
--

ALTER TABLE ONLY public.auth_group_permissions
    ADD CONSTRAINT auth_group_permissions_group_id_b120cbf9_fk_auth_group_id FOREIGN KEY (group_id) REFERENCES public.auth_group(id) DEFERRABLE INITIALLY DEFERRED;


--
-- Name: auth_permission auth_permission_content_type_id_2f476e4b_fk_django_co; Type: FK CONSTRAINT; Schema: public; Owner: postgres
--

ALTER TABLE ONLY public.auth_permission
    ADD CONSTRAINT auth_permission_content_type_id_2f476e4b_fk_django_co FOREIGN KEY (content_type_id) REFERENCES public.django_content_type(id) DEFERRABLE INITIALLY DEFERRED;


--
-- Name: auth_user_groups auth_user_groups_group_id_97559544_fk_auth_group_id; Type: FK CONSTRAINT; Schema: public; Owner: postgres
--

ALTER TABLE ONLY public.auth_user_groups
    ADD CONSTRAINT auth_user_groups_group_id_97559544_fk_auth_group_id FOREIGN KEY (group_id) REFERENCES public.auth_group(id) DEFERRABLE INITIALLY DEFERRED;


--
-- Name: auth_user_groups auth_user_groups_user_id_6a12ed8b_fk_auth_user_id; Type: FK CONSTRAINT; Schema: public; Owner: postgres
--

ALTER TABLE ONLY public.auth_user_groups
    ADD CONSTRAINT auth_user_groups_user_id_6a12ed8b_fk_auth_user_id FOREIGN KEY (user_id) REFERENCES public.auth_user(id) DEFERRABLE INITIALLY DEFERRED;


--
-- Name: auth_user_user_permissions auth_user_user_permi_permission_id_1fbb5f2c_fk_auth_perm; Type: FK CONSTRAINT; Schema: public; Owner: postgres
--

ALTER TABLE ONLY public.auth_user_user_permissions
    ADD CONSTRAINT auth_user_user_permi_permission_id_1fbb5f2c_fk_auth_perm FOREIGN KEY (permission_id) REFERENCES public.auth_permission(id) DEFERRABLE INITIALLY DEFERRED;


--
-- Name: auth_user_user_permissions auth_user_user_permissions_user_id_a95ead1b_fk_auth_user_id; Type: FK CONSTRAINT; Schema: public; Owner: postgres
--

ALTER TABLE ONLY public.auth_user_user_permissions
    ADD CONSTRAINT auth_user_user_permissions_user_id_a95ead1b_fk_auth_user_id FOREIGN KEY (user_id) REFERENCES public.auth_user(id) DEFERRABLE INITIALLY DEFERRED;


--
-- Name: casestudy_watchlist casestudy_watchlist_stock_id_606b6d11_fk_casestudy_security_id; Type: FK CONSTRAINT; Schema: public; Owner: postgres
--

ALTER TABLE ONLY public.casestudy_watchlist
    ADD CONSTRAINT casestudy_watchlist_stock_id_606b6d11_fk_casestudy_security_id FOREIGN KEY (stock_id) REFERENCES public.casestudy_security(id) DEFERRABLE INITIALLY DEFERRED;


--
-- Name: casestudy_watchlist casestudy_watchlist_user_id_cd1f0506_fk_auth_user_id; Type: FK CONSTRAINT; Schema: public; Owner: postgres
--

ALTER TABLE ONLY public.casestudy_watchlist
    ADD CONSTRAINT casestudy_watchlist_user_id_cd1f0506_fk_auth_user_id FOREIGN KEY (user_id) REFERENCES public.auth_user(id) DEFERRABLE INITIALLY DEFERRED;


--
-- Name: django_admin_log django_admin_log_content_type_id_c4bce8eb_fk_django_co; Type: FK CONSTRAINT; Schema: public; Owner: postgres
--

ALTER TABLE ONLY public.django_admin_log
    ADD CONSTRAINT django_admin_log_content_type_id_c4bce8eb_fk_django_co FOREIGN KEY (content_type_id) REFERENCES public.django_content_type(id) DEFERRABLE INITIALLY DEFERRED;


--
-- Name: django_admin_log django_admin_log_user_id_c564eba6_fk_auth_user_id; Type: FK CONSTRAINT; Schema: public; Owner: postgres
--

ALTER TABLE ONLY public.django_admin_log
    ADD CONSTRAINT django_admin_log_user_id_c564eba6_fk_auth_user_id FOREIGN KEY (user_id) REFERENCES public.auth_user(id) DEFERRABLE INITIALLY DEFERRED;


--
-- PostgreSQL database dump complete
--

--
-- PostgreSQL database cluster dump complete
--

